,Images,Original Age,Original Gender,Y-Axis Flip Age,Y-Axis Flip Gender
0,1628188590507_2_2_3.jpg,66,Male,65,Male
1,1628188590507_2_0_1.jpg,21,Female,21,Female
2,1628188590507_2_0_0.jpg,20,Female,20,Female
3,1628188590507_2_2_2.jpg,31,Male,30,Male
4,1628188590507_2_2_0.jpg,19,Female,19,Female
5,1628188590507_2_0_2.jpg,42,Female,32,Female
6,1628188590507_2_0_3.jpg,78,Female,70,Female
7,1628188590507_2_2_1.jpg,20,Male,20,Male
8,1628188590507_2_2_4.jpg,79,Male,46,Male
9,1628188590507_2_0_4.jpg,79,Female,67,Male
10,1628188590507_0_2_4.jpg,84,Male,80,Male
11,1628188590507_0_0_4.jpg,83,Female,82,Female
12,1628188590507_0_2_3.jpg,55,Male,57,Male
13,1628188590507_0_0_1.jpg,24,Female,24,Female
14,1628188590507_0_0_0.jpg,22,Female,23,Female
15,1628188590507_0_2_2.jpg,28,Male,31,Male
16,1628188590507_0_2_0.jpg,15,Female,15,Female
17,1628188590507_0_0_2.jpg,36,Female,34,Female
18,1628188590507_0_0_3.jpg,80,Female,76,Female
19,1628188590507_0_2_1.jpg,20,Male,23,Male
20,1628188704081_0_2_4.jpg,87,Male,75,Male
21,1628188654074_2_2_4.jpg,72,Male,73,Male
22,1628188536814_2_2_4.jpg,78,Male,69,Male
23,1628188755886_0_2_4.jpg,86,Male,82,Male
24,1628188755886_0_0_4.jpg,85,Female,78,Female
25,1628188536814_2_0_4.jpg,81,Female,71,Female
26,1628188704081_0_0_4.jpg,85,Male,87,Female
27,1628188654074_2_0_4.jpg,80,Female,72,Female
28,1628188755886_0_0_1.jpg,23,Female,23,Female
29,1628188755886_0_2_3.jpg,60,Male,59,Male
30,1628188654074_2_0_0.jpg,20,Female,19,Female
31,1628188704081_0_2_2.jpg,37,Male,37,Male
32,1628188536814_2_2_3.jpg,68,Male,60,Male
33,1628188654074_2_2_2.jpg,27,Male,29,Male
34,1628188704081_0_0_0.jpg,11,Female,21,Female
35,1628188536814_2_0_1.jpg,24,Female,22,Female
36,1628188536814_2_0_0.jpg,19,Female,19,Female
37,1628188704081_0_0_1.jpg,20,Female,25,Female
38,1628188654074_2_2_3.jpg,55,Male,46,Male
39,1628188536814_2_2_2.jpg,34,Male,29,Male
40,1628188704081_0_2_3.jpg,65,Male,66,Male
41,1628188654074_2_0_1.jpg,20,Female,19,Female
42,1628188755886_0_2_2.jpg,34,Male,31,Male
43,1628188755886_0_0_0.jpg,21,Female,21,Female
44,1628188755886_0_0_2.jpg,44,Female,41,Female
45,1628188755886_0_2_0.jpg,21,Male,18,Male
46,1628188654074_2_0_3.jpg,72,Female,63,Female
47,1628188704081_0_2_1.jpg,18,Male,19,Male
48,1628188536814_2_2_0.jpg,20,Female,18,Female
49,1628188654074_2_2_1.jpg,20,Male,19,Male
50,1628188704081_0_0_3.jpg,79,Female,72,Female
51,1628188536814_2_0_2.jpg,45,Female,36,Female
52,1628188536814_2_0_3.jpg,70,Female,63,Female
53,1628188704081_0_0_2.jpg,44,Female,49,Female
54,1628188654074_2_2_0.jpg,22,Female,19,Female
55,1628188536814_2_2_1.jpg,22,Male,19,Male
56,1628188704081_0_2_0.jpg,8,Male,19,Male
57,1628188654074_2_0_2.jpg,39,Female,31,Female
58,1628188755886_0_2_1.jpg,21,Male,20,Male
59,1628188755886_0_0_3.jpg,75,Female,71,Female
60,1628188536814_0_2_3.jpg,58,Male,60,Male
61,1628188704081_2_2_2.jpg,36,Male,32,Male
62,1628188654074_0_0_0.jpg,21,Female,20,Female
63,1628188536814_0_0_1.jpg,22,Female,26,Female
64,1628188704081_2_0_0.jpg,16,Female,20,Female
65,1628188654074_0_2_2.jpg,26,Male,33,Male
66,1628188755886_2_0_1.jpg,22,Female,19,Female
67,1628188755886_2_2_3.jpg,69,Male,52,Male
68,1628188755886_2_2_2.jpg,31,Male,27,Male
69,1628188755886_2_0_0.jpg,19,Female,17,Female
70,1628188654074_0_2_3.jpg,45,Male,48,Male
71,1628188704081_2_0_1.jpg,22,Female,22,Female
72,1628188536814_0_0_0.jpg,20,Female,20,Female
73,1628188654074_0_0_1.jpg,19,Female,21,Female
74,1628188704081_2_2_3.jpg,75,Male,74,Male
75,1628188536814_0_2_2.jpg,38,Male,36,Male
76,1628188536814_0_2_0.jpg,18,Male,18,Male
77,1628188704081_2_2_1.jpg,19,Male,18,Male
78,1628188654074_0_0_3.jpg,74,Female,73,Female
79,1628188536814_0_0_2.jpg,45,Female,43,Female
80,1628188704081_2_0_3.jpg,81,Female,72,Female
81,1628188654074_0_2_1.jpg,19,Male,20,Male
82,1628188755886_2_0_2.jpg,36,Female,25,Female
83,1628188755886_2_2_0.jpg,19,Female,18,Female
84,1628188755886_2_2_1.jpg,20,Male,19,Male
85,1628188755886_2_0_3.jpg,73,Female,63,Female
86,1628188654074_0_2_0.jpg,19,Male,22,Female
87,1628188704081_2_0_2.jpg,57,Female,55,Female
88,1628188536814_0_0_3.jpg,72,Female,70,Female
89,1628188654074_0_0_2.jpg,46,Female,46,Female
90,1628188704081_2_2_0.jpg,6,Male,13,Male
91,1628188536814_0_2_1.jpg,22,Male,20,Male
92,1628188704081_2_2_4.jpg,80,Male,70,Male
93,1628188654074_0_2_4.jpg,69,Male,76,Male
94,1628188755886_2_2_4.jpg,78,Male,70,Male
95,1628188536814_0_2_4.jpg,80,Male,80,Male
96,1628188536814_0_0_4.jpg,83,Female,82,Female
97,1628188755886_2_0_4.jpg,75,Female,68,Female
98,1628188704081_2_0_4.jpg,82,Male,76,Female
99,1628188654074_0_0_4.jpg,80,Female,79,Female
